{
  "staging": {
    "awscloudformation": {
      "AuthRoleName": "amplify-waba-staging-95700-authRole",
      "UnauthRoleArn": "arn:aws:iam::101135239659:role/amplify-waba-staging-95700-unauthRole",
      "AuthRoleArn": "arn:aws:iam::101135239659:role/amplify-waba-staging-95700-authRole",
      "Region": "us-east-1",
      "DeploymentBucketName": "amplify-waba-staging-95700-deployment",
      "UnauthRoleName": "amplify-waba-staging-95700-unauthRole",
      "StackName": "amplify-waba-staging-95700",
      "StackId": "arn:aws:cloudformation:us-east-1:101135239659:stack/amplify-waba-staging-95700/caa8c1d0-0f24-11ed-a523-129b3d9bc9eb",
      "AmplifyAppId": "d2nfw6ah9f1sit"
    }
  }
}